1,MEASUREMENT_DATA_IH_2,169306040, 3202579D2, TRUE, 3.802,2021-06-22 16:12:24.779655
3,MEASUREMENT_DATA_CH_2,E12575400, 3202542Y7, TRUE, 1.368,2021-06-22 16:20:27.495837
4,MEASUREMENT_DATA_IH_2,16AC0G010, 32025Y2NZ, TRUE, 1.6,2021-06-22 16:58:53.203615
1,MEASUREMENT_DATA_CH_2,169306040, 3202579D2, TRUE, 1.039,2021-06-22 17:12:35.423730
7,MEASUREMENT_DATA_CH_2,E07551300, 32025Y25S, TRUE, 2.18,2021-06-22 18:19:30.539115
4,MEASUREMENT_DATA_IH_2,163426018, 32025Y2NZ, TRUE, 1.616,2021-06-22 18:25:47.674257
1,MEASUREMENT_DATA_IH_2,164M34020, 3202559W1, TRUE, 3.152,2021-06-22 19:47:18.316238
6,MEASUREMENT_DATA_IH_2,16AU06020, 3202580I8, TRUE, 2.304,2021-06-22 20:01:04.304126
3,MEASUREMENT_DATA_IH_2,E00019736, E02546600, TRUE, 2.09,2021-06-22 21:00:04.906806
3,MEASUREMENT_DATA_IH_2,E02052100, 32025Y2BL, TRUE, 2.163,2021-06-22 21:25:29.041588
6,MEASUREMENT_DATA_CH_2,163420020, 3202580I8, TRUE, 1.011,2021-06-22 21:39:27.484622
3,MEASUREMENT_DATA_CH_2,E02052100, 32025Y2BL, TRUE, 1.131,2021-06-22 21:45:34.369206
3,MEASUREMENT_DATA_CH_2,167806066, 3202532Q9, FALSE, 2.221,2021-06-22 22:04:29.847174
3,MEASUREMENT_DATA_IH_2,167806066, 3202532Q9, TRUE, 2.592,2021-06-22 22:06:21.482255
4,MEASUREMENT_DATA_CH_2,167806066, 320258FW8, TRUE, 1.785,2021-06-23 10:10:59.125879
4,MEASUREMENT_DATA_IH_2,167806066, 320258FW8, TRUE, 3.079,2021-06-23 10:11:12.212058
4,MEASUREMENT_DATA_CH_2,167806066, 320258FW8, TRUE, 1.823,2021-06-23 10:37:25.035404
6,MEASUREMENT_DATA_CH_2,169306024, 3202580I8, TRUE, 0.988,2021-06-23 10:38:00.498174
4,MEASUREMENT_DATA_IH_2,167806066, 3202532Q9, TRUE, 2.581,2021-06-23 10:43:54.694861
6,MEASUREMENT_DATA_IH_2,169306024, 3202580I8, TRUE, 2.319,2021-06-23 11:15:57.486418
6,MEASUREMENT_DATA_CH_2,1633XG020, 3202536F9, TRUE, 1.339,2021-06-23 11:43:58.922800
6,MEASUREMENT_DATA_CH_2,1633XG020, 3202536F9, TRUE, 1.302,2021-06-23 12:42:51.944038
1,MEASUREMENT_DATA_IH_2,E03751300, 320260813, TRUE, 3.48,2021-06-23 13:10:51.947077
4,MEASUREMENT_DATA_IH_2,E12294800, 32025Y2L7, TRUE, 2.298,2021-06-23 13:46:40.013190
6,MEASUREMENT_DATA_CH_2,163465016, E03846100, TRUE, 0.865,2021-06-23 14:03:53.707839
1,MEASUREMENT_DATA_IH_1,E00019736, E08046100, TRUE, 1.814,2021-07-05 09:45:25.714730
5,MEASUREMENT_DATA_IH_1,16AC79010, E00066800, TRUE, 1.486,2021-07-05 09:52:31.098830
7,MEASUREMENT_DATA_CH_1,167970102, 32025Y0VN, TRUE, 2.368,2021-07-05 10:01:00.338122
7,MEASUREMENT_DATA_CH_2,167970102, 320250AG8, FALSE, 2.556,2021-07-05 10:03:24.971581
1,MEASUREMENT_DATA_CH_1,E00019736, E08046100, TRUE, 0.962,2021-07-05 10:03:25.174742
7,MEASUREMENT_DATA_IH_2,167970102, 320250AG8, TRUE, 5.304,2021-07-05 10:03:51.072265
5,MEASUREMENT_DATA_CH_1,16AC79010, E00066800, TRUE, 0.757,2021-07-05 10:09:18.927710
5,MEASUREMENT_DATA_IH_1,16AC79010, E00066800, TRUE, 1.467,2021-07-05 10:09:24.353610
5,MEASUREMENT_DATA_CH_2,16AC79010, E00066800, FALSE, 0.806,2021-07-05 10:09:37.178607
7,MEASUREMENT_DATA_IH_2,163306103, 32025Y2SU, TRUE, 4.088,2021-06-23 14:51:13.301986
1,MEASUREMENT_DATA_IH_2,E03751300, 320260813, TRUE, 3.567,2021-06-23 14:52:23.984506
5,MEASUREMENT_DATA_CH_2,163428014, 32025Y2SV, TRUE, 0.791,2021-06-23 15:02:08.171466
3,MEASUREMENT_DATA_CH_2,163428014, E00066800, TRUE, 0.763,2021-06-23 15:33:29.535785
1,MEASUREMENT_DATA_IH_2,163308018, E04067000, TRUE, 2.718,2021-06-23 15:35:05.527495
5,MEASUREMENT_DATA_CH_2,16ACX6010, 32025Y2SV, TRUE, 0.805,2021-06-23 16:00:56.016415
1,MEASUREMENT_DATA_IH_2,163437010, E13250300, TRUE, 2.831,2021-06-23 16:56:36.565974
3,MEASUREMENT_DATA_CH_2,E00001726, E21929400, TRUE, 1.128,2021-06-23 17:59:54.958998
5,MEASUREMENT_DATA_IH_2,E00012838, 320292170, TRUE, 2.834,2021-06-23 19:32:06.446772
1,MEASUREMENT_DATA_CH_2,163437010, E13250300, TRUE, 0.946,2021-06-23 19:54:10.727754
6,MEASUREMENT_DATA_CH_2,169306024, 3202539J7, TRUE, 1.17,2021-06-23 20:05:28.908004
3,MEASUREMENT_DATA_CH_2,163307051, 3202542Y7, TRUE, 1.57,2021-06-23 20:36:12.779755
6,MEASUREMENT_DATA_IH_2,163426018, 3202539J7, TRUE, 1.819,2021-06-23 21:16:35.567989
7,MEASUREMENT_DATA_IH_2,164MX7080, 320250AD5, TRUE, 4.036,2021-06-23 21:35:30.702837
4,MEASUREMENT_DATA_CH_2,16AC8A010, 32025Y2S4, FALSE, 1.08,2021-06-23 21:36:14.257483
1,MEASUREMENT_DATA_CH_2,E08356900, 3202570S5, TRUE, 1.289,2021-06-23 21:36:31.117447
3,MEASUREMENT_DATA_CH_2,16ACX6010, 320264906, TRUE, 1.073,2021-06-23 21:54:47.865396
1,MEASUREMENT_DATA_CH_2,163437010, 32025Y2SV, TRUE, 0.832,2021-06-24 10:31:38.031939
7,MEASUREMENT_DATA_IH_2,163306087, 320258FB7, FALSE, 0.002,2021-06-24 10:33:41.102186
3,MEASUREMENT_DATA_IH_1,E12576400, 320258FW8, TRUE, 3.06,2021-06-24 10:42:33.212301
4,MEASUREMENT_DATA_CH_2,E06582900, 32025Y2MW, TRUE, 1.411,2021-06-24 10:45:02.059573
4,MEASUREMENT_DATA_CH_2,163304017, 320265242, TRUE, 0.937,2021-06-24 11:31:43.677661
5,MEASUREMENT_DATA_IH_2,16AC57010, 320290091, TRUE, 2.69,2021-06-24 12:24:17.370992
7,MEASUREMENT_DATA_CH_2,163306087, 32025Y1LX, FALSE, 1.966,2021-06-24 13:10:25.485237
4,MEASUREMENT_DATA_CH_1,163304017, 320265242, TRUE, 0.902,2021-06-24 13:23:09.236679
5,MEASUREMENT_DATA_IH_1,E12575300, E21929400, TRUE, 1.912,2021-06-24 13:25:55.403772
3,MEASUREMENT_DATA_CH_1,163438013, 32025Y2NZ, TRUE, 0.93,2021-06-24 14:11:40.001843
1,MEASUREMENT_DATA_IH_2,164M07020, 3202512R1, TRUE, 2.729,2021-06-24 14:15:45.511066
1,MEASUREMENT_DATA_CH_1,164M07020, 32025Y2NZ, TRUE, 1.057,2021-06-24 15:08:15.816333
3,MEASUREMENT_DATA_IH_2,163438013, 32025Y2NZ, TRUE, 1.614,2021-06-24 15:14:18.641517
6,MEASUREMENT_DATA_CH_2,169306024, 320263726, TRUE, 0.9,2021-06-24 15:19:01.297853
1,MEASUREMENT_DATA_IH_2,164M07020, 3202512R1, TRUE, 2.761,2021-06-24 15:22:27.802542
4,MEASUREMENT_DATA_IH_2,164M06040, 32025Y2QR, TRUE, 1.971,2021-06-24 15:24:13.481716
4,MEASUREMENT_DATA_CH_1,164M06040, 3202541W2, TRUE, 1.31,2021-06-24 15:27:37.210209
5,MEASUREMENT_DATA_CH_2,E12295900, 3202577J0, TRUE, 1.25,2021-06-24 15:42:13.992329
6,MEASUREMENT_DATA_CH_2,E00019736, 3202601F9, TRUE, 0.912,2021-06-24 15:46:16.197076
1,MEASUREMENT_DATA_CH_1,16AC23010, 32025Y2NZ, TRUE, 0.943,2021-06-24 16:06:38.543443
5,MEASUREMENT_DATA_CH_2,163420020, 3202536F9, TRUE, 1.295,2021-06-24 16:54:43.685028
5,MEASUREMENT_DATA_IH_1,163420020, E21929400, TRUE, 1.882,2021-06-24 16:56:17.537328
3,MEASUREMENT_DATA_CH_2,E12575400, 32025Y2C3, TRUE, 1.167,2021-06-24 17:18:40.758742
4,MEASUREMENT_DATA_CH_2,E12575200, 3202576R4, TRUE, 1.071,2021-06-24 17:24:25.062523
4,MEASUREMENT_DATA_IH_1,E12575200, E21929400, TRUE, 1.885,2021-06-24 17:25:36.527458
1,MEASUREMENT_DATA_CH_1,163478043, 32025Y2L7, TRUE, 1.149,2021-06-24 17:26:40.347149
1,MEASUREMENT_DATA_CH_2,163465016, E03846100, TRUE, 0.835,2021-06-24 17:38:34.924455
1,MEASUREMENT_DATA_IH_2,163465016, E03846100, TRUE, 2.775,2021-06-24 17:38:44.771263
5,MEASUREMENT_DATA_CH_2,164MA2020, 3202577J0, TRUE, 1.12,2021-06-24 18:18:12.265023
4,MEASUREMENT_DATA_IH_1,E12575400, E21929400, TRUE, 1.906,2021-06-24 18:26:09.839371
6,MEASUREMENT_DATA_IH_1,163482011, 320251440, TRUE, 3.741,2021-06-24 19:13:10.596714
6,MEASUREMENT_DATA_CH_2,163482011, E08046000, TRUE, 0.834,2021-06-24 19:13:16.214887
3,MEASUREMENT_DATA_CH_1,169306024, 3202602M3, TRUE, 1.12,2021-06-24 19:17:36.002743
4,MEASUREMENT_DATA_CH_1,169487022, E21929400, TRUE, 1.052,2021-06-24 19:19:35.911861
3,MEASUREMENT_DATA_CH_1,169306024, 3202602M3, TRUE, 1.123,2021-06-24 20:02:28.165311
6,MEASUREMENT_DATA_CH_2,16ACXG010, E08046000, TRUE, 0.847,2021-06-24 20:03:07.536807
6,MEASUREMENT_DATA_IH_1,E12575600, 320251440, TRUE, 3.725,2021-06-24 20:52:42.681966
3,MEASUREMENT_DATA_IH_1,163412018, E00066800, TRUE, 1.452,2021-06-24 20:57:45.299340
6,MEASUREMENT_DATA_CH_1,163420020, 320251440, TRUE, 1.062,2021-06-24 21:13:49.398509
6,MEASUREMENT_DATA_CH_1,163486012, 32025Y2NZ, TRUE, 0.968,2021-06-24 21:31:07.089312
7,MEASUREMENT_DATA_IH_1,1633X4080, 3202573M8, TRUE, 3.35,2021-06-24 21:37:23.349330
4,MEASUREMENT_DATA_IH_2,163463011, 32025Y2S4, TRUE, 1.523,2021-06-24 21:51:29.458746
3,MEASUREMENT_DATA_CH_1,164M07040, E03732200, TRUE, 1.046,2021-06-24 22:08:23.962464
3,MEASUREMENT_DATA_IH_1,164M07040, E03732200, TRUE, 2.116,2021-06-24 22:11:32.893042
4,MEASUREMENT_DATA_CH_1,163463011, E00066800, TRUE, 0.75,2021-06-24 22:21:42.396986
5,MEASUREMENT_DATA_IH_1,169426061, 32025Y2QJ, TRUE, 3.335,2021-06-24 22:22:44.800096
1,MEASUREMENT_DATA_CH_2,16ACA2010, E03846100, TRUE, 0.856,2021-06-24 22:39:52.777395
5,MEASUREMENT_DATA_CH_1,169426061, 32025Y2QJ, TRUE, 1.473,2021-06-25 06:07:14.743516
3,MEASUREMENT_DATA_IH_2,E00012839, 3202585H5, TRUE, 2.47,2021-06-25 06:08:36.927403
7,MEASUREMENT_DATA_CH_1,1633X4080, 3202573M8, TRUE, 1.887,2021-06-25 06:09:27.792382
7,MEASUREMENT_DATA_IH_1,1633X4080, 3202573M8, TRUE, 3.354,2021-06-25 06:09:39.556457
6,MEASUREMENT_DATA_CH_2,163428014, 3202539J7, TRUE, 1.199,2021-06-25 06:15:05.824446
6,MEASUREMENT_DATA_CH_2,163403010, 3202539J7, TRUE, 1.163,2021-06-25 06:42:56.901612
3,MEASUREMENT_DATA_IH_1,E12575200, 320265234, TRUE, 2.048,2021-06-25 06:56:42.093346
3,MEASUREMENT_DATA_IH_1,E12575200, 320265234, TRUE, 2.071,2021-06-25 07:04:40.678031
5,MEASUREMENT_DATA_CH_2,E12575600, 32025Y2JT, TRUE, 0.982,2021-06-25 07:25:19.205798
4,MEASUREMENT_DATA_CH_2,163463011, 32025Y2S4, TRUE, 1.001,2021-06-25 07:33:50.849391
4,MEASUREMENT_DATA_IH_2,16ACG7010, E00066800, TRUE, 1.473,2021-06-25 07:54:07.993046
6,MEASUREMENT_DATA_IH_1,163403010, 3202515U9, TRUE, 3.38,2021-06-25 08:20:46.271146
6,MEASUREMENT_DATA_IH_2,164M26020, 3202539J7, TRUE, 2.101,2021-06-25 09:07:20.427500
5,MEASUREMENT_DATA_CH_1,163407018, 32025Y2S4, TRUE, 0.971,2021-06-25 09:11:56.631308
3,MEASUREMENT_DATA_IH_2,163478043, 3202535K9, TRUE, 2.478,2021-06-25 09:12:25.915226
6,MEASUREMENT_DATA_CH_1,164M26020, 3202515U9, TRUE, 0.982,2021-06-25 09:13:16.245761
6,MEASUREMENT_DATA_IH_2,164M26020, 3202539J7, TRUE, 2.071,2021-06-25 09:25:29.077772
7,MEASUREMENT_DATA_CH_2,167970102, 320250AG8, FALSE, 2.893,2021-06-25 09:36:07.902407
3,MEASUREMENT_DATA_CH_1,163465016, 32025Y2NZ, TRUE, 0.965,2021-06-25 09:40:27.872551
3,MEASUREMENT_DATA_IH_1,163465016, 32025Y2NZ, TRUE, 1.612,2021-06-25 09:41:17.633653
6,MEASUREMENT_DATA_CH_1,E12575500, 3202515U9, TRUE, 1.063,2021-06-25 10:06:07.433648
6,MEASUREMENT_DATA_IH_1,E12575500, 3202515U9, TRUE, 3.461,2021-06-25 10:12:29.242994
1,MEASUREMENT_DATA_CH_1,169436029, E21929400, TRUE, 1.085,2021-06-25 10:20:00.392726
6,MEASUREMENT_DATA_CH_2,E12575500, 3202539J7, TRUE, 1.171,2021-06-25 10:32:38.871055
3,MEASUREMENT_DATA_IH_2,169426061, 32025Y25S, FALSE, 0.001,2021-06-25 10:34:36.011821
6,MEASUREMENT_DATA_CH_2,163303019, 32025Y2NZ, TRUE, 0.965,2021-06-25 11:20:31.996077
6,MEASUREMENT_DATA_IH_1,163303019, 3202515U9, TRUE, 3.401,2021-06-25 11:21:30.174289
5,MEASUREMENT_DATA_CH_1,16AC32010, 32025Y2S4, TRUE, 0.969,2021-06-25 11:45:57.446599
4,MEASUREMENT_DATA_CH_2,163437010, E07899500, TRUE, 0.883,2021-06-25 11:49:59.814754
1,MEASUREMENT_DATA_CH_2,163365040, 3202577J0, TRUE, 1.224,2021-06-25 11:59:53.419203
1,MEASUREMENT_DATA_CH_2,163365040, 3202577J0, TRUE, 1.256,2021-06-25 12:00:32.565618
4,MEASUREMENT_DATA_IH_1,163482011, E00066800, TRUE, 1.482,2021-06-25 12:08:32.821790
3,MEASUREMENT_DATA_CH_1,16AC78010, E00066800, TRUE, 0.784,2021-06-25 12:15:01.887939
3,MEASUREMENT_DATA_IH_1,16AC78010, E00066800, TRUE, 1.429,2021-06-25 12:15:06.982457
3,MEASUREMENT_DATA_IH_2,16AC78010, 32025Y2BJ, TRUE, 1.605,2021-06-25 12:15:18.921749
6,MEASUREMENT_DATA_CH_2,163403010, 32025Y2NZ, TRUE, 0.99,2021-06-25 12:33:18.159750
5,MEASUREMENT_DATA_CH_2,163303019, 32025Y2JT, TRUE, 0.928,2021-06-25 12:37:47.371072
1,MEASUREMENT_DATA_CH_2,E09918300, 3202577J0, TRUE, 1.252,2021-06-25 13:00:22.102820
6,MEASUREMENT_DATA_IH_2,163442015, E04067000, TRUE, 2.704,2021-06-25 13:06:09.812220
4,MEASUREMENT_DATA_IH_2,169A46010, E00066800, TRUE, 1.453,2021-06-25 13:09:49.640177
4,MEASUREMENT_DATA_CH_1,169A46010, E00066800, TRUE, 0.766,2021-06-25 13:09:55.452417
4,MEASUREMENT_DATA_CH_1,169A46010, E00066800, TRUE, 0.775,2021-06-25 13:37:42.288278
3,MEASUREMENT_DATA_CH_2,E02052100, E13718600, FALSE, 1.303,2021-06-25 13:53:37.358900
4,MEASUREMENT_DATA_CH_2,163406010, 32025Y2C3, TRUE, 1.057,2021-06-25 14:02:12.427207
4,MEASUREMENT_DATA_IH_2,163406010, 32025Y2C3, TRUE, 1.765,2021-06-25 14:02:18.614938
7,MEASUREMENT_DATA_IH_2,163306103, 3202573U8, FALSE, 4.371,2021-06-25 14:22:54.242488
6,MEASUREMENT_DATA_IH_2,163442015, E04067000, TRUE, 2.67,2021-06-25 14:24:32.571089
7,MEASUREMENT_DATA_IH_2,163306103, 3202573U8, TRUE, 3.905,2021-06-25 14:25:16.278764
1,MEASUREMENT_DATA_IH_1,163427016, 32025Y2S4, TRUE, 1.535,2021-06-25 14:52:03.360915
1,MEASUREMENT_DATA_CH_2,163427016, 320290091, TRUE, 1.065,2021-06-25 14:52:09.113858
1,MEASUREMENT_DATA_IH_2,163427016, 320290091, TRUE, 2.622,2021-06-25 14:52:15.376055
1,MEASUREMENT_DATA_IH_2,163427016, 320290091, TRUE, 2.73,2021-06-25 14:52:35.513256
5,MEASUREMENT_DATA_CH_1,E12575700, 32025Y2S4, TRUE, 1.012,2021-06-25 15:04:29.513213
3,MEASUREMENT_DATA_IH_2,16AC19010, 32025Y2NZ, TRUE, 1.618,2021-06-25 15:34:44.610721
1,MEASUREMENT_DATA_CH_2,163427016, 320290091, TRUE, 1.027,2021-06-25 15:53:04.160998
3,MEASUREMENT_DATA_IH_1,16AC19010, E00066800, TRUE, 1.49,2021-06-25 15:59:48.210423
3,MEASUREMENT_DATA_CH_2,16AC16010, 3202521B5, TRUE, 1.046,2021-06-25 16:18:55.219867
7,MEASUREMENT_DATA_IH_2,163307101, 320250AG8, TRUE, 5.267,2021-06-25 16:26:58.354402
3,MEASUREMENT_DATA_CH_1,16AC16010, E00066800, TRUE, 0.755,2021-06-25 16:30:28.485045
3,MEASUREMENT_DATA_IH_2,16AC16010, 3202521B5, TRUE, 2.033,2021-06-25 16:31:12.447476
4,MEASUREMENT_DATA_CH_1,163437010, E00066800, TRUE, 0.786,2021-06-25 16:33:24.448069
4,MEASUREMENT_DATA_IH_2,163427016, E00066800, TRUE, 1.479,2021-06-25 17:20:15.133713
1,MEASUREMENT_DATA_IH_2,163403010, 320263726, TRUE, 2.7,2021-06-25 17:21:02.742646
6,MEASUREMENT_DATA_CH_1,169A46010, E12148500, TRUE, 0.77,2021-06-25 17:34:44.383613
6,MEASUREMENT_DATA_IH_2,169A46010, E13250300, TRUE, 2.835,2021-06-25 17:35:01.135981
3,MEASUREMENT_DATA_IH_2,16AC18010, 3202521B5, TRUE, 2.091,2021-06-25 17:58:42.280285
5,MEASUREMENT_DATA_CH_1,16ACX6010, 32025Y2S4, TRUE, 0.981,2021-06-25 18:00:33.428182
5,MEASUREMENT_DATA_CH_1,163430010, 32025Y2S4, TRUE, 0.978,2021-06-25 18:53:05.175718
4,MEASUREMENT_DATA_CH_2,163438013, E00066800, TRUE, 0.734,2021-06-25 19:12:40.741369
3,MEASUREMENT_DATA_IH_2,16ACXG010, 320264906, TRUE, 1.874,2021-06-25 19:18:28.622355
4,MEASUREMENT_DATA_CH_2,163438013, E00066800, TRUE, 0.758,2021-06-25 19:34:37.375806
5,MEASUREMENT_DATA_CH_2,163407018, 32025Y2S4, TRUE, 0.997,2021-06-25 19:41:54.664822
1,MEASUREMENT_DATA_IH_2,167806066, 32025Y2JX, FALSE, 0.003,2021-06-25 20:38:32.073193
1,MEASUREMENT_DATA_CH_2,1633X8020, 3202577J0, TRUE, 1.088,2021-06-25 20:51:55.466221
7,MEASUREMENT_DATA_IH_1,163442106, 32025Y1L9, TRUE, 4.124,2021-06-25 20:56:28.146781
6,MEASUREMENT_DATA_IH_2,163465016, 32025Y2NZ, TRUE, 1.579,2021-06-25 21:10:37.702250
5,MEASUREMENT_DATA_IH_2,167806066, 32025Y2C0, TRUE, 2.735,2021-06-25 21:34:38.040318
3,MEASUREMENT_DATA_IH_2,163463011, 3202539J7, TRUE, 1.764,2021-06-25 21:44:49.106740
1,MEASUREMENT_DATA_IH_2,1633X8020, 3202577J0, TRUE, 2.784,2021-06-25 21:50:45.448933
6,MEASUREMENT_DATA_CH_2,164M80020, 32025Y34H, TRUE, 1.107,2021-06-25 22:15:59.067147
4,MEASUREMENT_DATA_CH_2,E12305100, 32025Y2MW, TRUE, 1.407,2021-06-25 22:31:32.776832
4,MEASUREMENT_DATA_IH_2,E12305100, 32025Y2MW, TRUE, 2.951,2021-06-25 22:31:39.036399
3,MEASUREMENT_DATA_IH_2,169426061, 32025Y25S, TRUE, 2.945,2021-06-25 22:48:42.021140
1,MEASUREMENT_DATA_CH_2,164MX5020, 3202577J0, TRUE, 1.127,2021-06-25 22:56:31.600915
4,MEASUREMENT_DATA_CH_2,163478068, 320258FB7, FALSE, 1.656,2021-06-25 22:58:20.209353
6,MEASUREMENT_DATA_IH_2,16AU06020, 3202601D4, TRUE, 4.027,2021-06-25 23:00:00.070358
4,MEASUREMENT_DATA_CH_2,163478068, 320258FB7, FALSE, 1.546,2021-06-28 05:55:44.030732
5,MEASUREMENT_DATA_CH_2,167806066, E05719900, TRUE, 1.589,2021-06-28 06:03:52.884505
1,MEASUREMENT_DATA_CH_2,164MX5020, 3202577J0, TRUE, 1.164,2021-06-28 06:04:02.936358
3,MEASUREMENT_DATA_CH_2,163463011, 3202570E8, FALSE, 1.033,2021-06-28 06:32:54.222251
3,MEASUREMENT_DATA_CH_2,163463011, 3202570E8, TRUE, 1.09,2021-06-28 06:34:07.065731
1,MEASUREMENT_DATA_IH_2,164MX5020, 3202577J0, TRUE, 2.753,2021-06-28 06:35:32.805472
1,MEASUREMENT_DATA_CH_1,164MX5020, E21929400, TRUE, 1.107,2021-06-28 06:35:38.307922
4,MEASUREMENT_DATA_CH_2,163304017, E12148500, TRUE, 0.754,2021-06-28 06:40:35.093546
6,MEASUREMENT_DATA_CH_1,E12575700, 32025Y2NZ, TRUE, 1.056,2021-06-28 06:56:21.748829
3,MEASUREMENT_DATA_CH_2,E12575700, E08046100, TRUE, 1.029,2021-06-28 07:25:31.619047
1,MEASUREMENT_DATA_CH_1,164MX0020, E21929400, TRUE, 1.134,2021-06-28 07:50:32.950257
1,MEASUREMENT_DATA_IH_2,164MX0020, 3202577J0, TRUE, 2.855,2021-06-28 07:50:44.035283
3,MEASUREMENT_DATA_CH_2,E12575600, E08046100, TRUE, 0.995,2021-06-28 08:45:18.959540
6,MEASUREMENT_DATA_IH_1,16AC32010, 32025Y2NZ, TRUE, 1.615,2021-06-28 09:36:06.006067
7,MEASUREMENT_DATA_CH_2,E12306700, 32025Y2P6, TRUE, 2.643,2021-06-28 09:41:21.285020
7,MEASUREMENT_DATA_IH_2,E12306700, 32025Y2P6, TRUE, 4.579,2021-06-28 09:41:26.209746
3,MEASUREMENT_DATA_IH_1,E12575600, 32025Y2NZ, TRUE, 2.072,2021-06-28 09:43:18.210003
4,MEASUREMENT_DATA_CH_1,E12295300, 3202541W2, FALSE, 1.18,2021-06-28 09:58:42.934016
4,MEASUREMENT_DATA_IH_1,E12295300, 3202541W2, TRUE, 2.122,2021-06-28 10:00:34.409687
1,MEASUREMENT_DATA_CH_1,E00012838, E21929400, TRUE, 1.104,2021-06-28 10:24:52.732290
7,MEASUREMENT_DATA_IH_1,163442080, 3202573M8, TRUE, 3.342,2021-06-28 11:21:31.978415
3,MEASUREMENT_DATA_CH_1,163478068, E01925600, FALSE, 1.414,2021-06-28 11:35:18.032702
3,MEASUREMENT_DATA_CH_1,163478068, E01925600, FALSE, 1.37,2021-06-28 11:37:39.045170
3,MEASUREMENT_DATA_IH_1,163478068, E01925600, FALSE, 2.748,2021-06-28 11:42:43.893946
1,MEASUREMENT_DATA_CH_2,169306040, 3202579D2, TRUE, 1.065,2021-06-28 11:48:38.499772
3,MEASUREMENT_DATA_CH_1,163478068, E01925600, TRUE, 1.49,2021-06-28 12:03:13.733837
4,MEASUREMENT_DATA_IH_1,163304017, 320265242, TRUE, 1.792,2021-06-28 12:19:43.514365
4,MEASUREMENT_DATA_CH_2,163302011, 3202539J7, FALSE, 1.134,2021-06-28 12:45:09.641834
1,MEASUREMENT_DATA_CH_2,E00002996, 3202512R1, TRUE, 1.161,2021-06-28 12:59:13.402490
3,MEASUREMENT_DATA_IH_1,164MA2020, 32025Y2NK, TRUE, 1.846,2021-06-28 13:20:21.030092
3,MEASUREMENT_DATA_CH_2,164MA2020, E00010692, FALSE, 0,2021-06-28 13:20:26.643973
3,MEASUREMENT_DATA_CH_2,164MA2020, E00010692, FALSE, 1.266,2021-06-28 13:20:32.493881
3,MEASUREMENT_DATA_CH_2,164MA2020, E00010692, FALSE, 0.001,2021-06-28 13:21:47.316719
3,MEASUREMENT_DATA_CH_2,164MA2020, E00010692, TRUE, 1.153,2021-06-28 13:21:51.989019
3,MEASUREMENT_DATA_IH_2,164MA2020, E00010692, TRUE, 2.201,2021-06-28 13:23:11.575481
1,MEASUREMENT_DATA_IH_1,1633X8020, 32025Y2C3, TRUE, 2.049,2021-06-28 14:03:18.023042
4,MEASUREMENT_DATA_IH_1,163445026, 32025Y2NZ, FALSE, 1.038,2021-06-28 14:21:25.262878
3,MEASUREMENT_DATA_IH_2,163300049, E00010692, FALSE, 2.336,2021-06-28 14:34:16.154508
1,MEASUREMENT_DATA_CH_1,1633X8020, 32025Y2C3, FALSE, 0,2021-06-28 14:52:44.030642
5,MEASUREMENT_DATA_CH_2,164M26020, 3202577J0, TRUE, 1.128,2021-06-28 14:57:22.795765
5,MEASUREMENT_DATA_CH_1,164M26020, 320263726, TRUE, 0.921,2021-06-28 15:20:05.244424
6,MEASUREMENT_DATA_IH_1,16ACG2010, 3202570E8, TRUE, 2.149,2021-06-28 15:53:21.487858
1,MEASUREMENT_DATA_IH_2,167806066, E05719900, TRUE, 4.044,2021-06-28 15:57:54.060335
1,MEASUREMENT_DATA_CH_2,167806066, E05719900, TRUE, 1.645,2021-06-28 16:07:59.875792
4,MEASUREMENT_DATA_IH_2,E03751300, 32025Y2C0, TRUE, 2.679,2021-06-28 16:15:30.266189
5,MEASUREMENT_DATA_CH_1,169428026, 320263726, TRUE, 0.904,2021-06-28 16:25:39.221447
5,MEASUREMENT_DATA_IH_2,169428026, 3202577J0, TRUE, 2.831,2021-06-28 16:25:55.723827
7,MEASUREMENT_DATA_IH_2,163442080, 3202542Z5, TRUE, 3.675,2021-06-28 16:33:45.593980
1,MEASUREMENT_DATA_CH_2,163305055, 3202532X1, TRUE, 1.355,2021-06-28 17:10:05.530395
4,MEASUREMENT_DATA_CH_2,E03751300, 32025Y2C0, TRUE, 1.454,2021-06-28 17:41:29.575742
4,MEASUREMENT_DATA_CH_2,E03751300, 32025Y2C0, TRUE, 1.457,2021-06-28 17:41:33.951470
5,MEASUREMENT_DATA_IH_2,164MX0020, 3202577J0, TRUE, 2.811,2021-06-28 17:42:14.599336
5,MEASUREMENT_DATA_CH_1,164MX0020, 320263726, TRUE, 0.9,2021-06-28 17:42:19.224912
1,MEASUREMENT_DATA_CH_2,163305055, 3202532X1, TRUE, 1.375,2021-06-28 17:59:56.457894
7,MEASUREMENT_DATA_CH_1,1633X4080, 32025Y25S, TRUE, 2.142,2021-06-28 18:24:02.467015
4,MEASUREMENT_DATA_IH_2,169426061, 32025Y2C0, FALSE, 2.549,2021-06-28 18:33:24.961771
4,MEASUREMENT_DATA_IH_2,169426061, 32025Y2C0, TRUE, 2.663,2021-06-28 18:33:31.962777
1,MEASUREMENT_DATA_CH_1,163486046, 3202541W2, TRUE, 1.272,2021-06-28 18:44:53.934988
1,MEASUREMENT_DATA_IH_1,163486046, 3202541W2, TRUE, 2.134,2021-06-28 18:45:04.842694
5,MEASUREMENT_DATA_IH_1,16AU06020, 320263726, TRUE, 3,2021-06-28 18:45:41.863867
6,MEASUREMENT_DATA_CH_1,163434010, 320257A81, FALSE, 1.137,2021-06-28 19:03:08.063731
6,MEASUREMENT_DATA_CH_1,163434010, 320257A81, TRUE, 1.046,2021-06-28 19:03:13.580153
4,MEASUREMENT_DATA_CH_2,E03751300, 32025Y25S, TRUE, 1.552,2021-06-28 19:10:16.751784
3,MEASUREMENT_DATA_CH_1,16AC8A010, 32025Y2NZ, FALSE, 1.057,2021-06-28 19:19:20.866455
3,MEASUREMENT_DATA_CH_2,16AC8A010, E00066800, TRUE, 0.74,2021-06-28 19:21:07.448169
6,MEASUREMENT_DATA_CH_2,163420020, 3202580I8, TRUE, 1.017,2021-06-28 19:34:12.604966
4,MEASUREMENT_DATA_CH_2,E03751300, 32025Y25S, TRUE, 1.59,2021-06-28 19:59:41.422336
7,MEASUREMENT_DATA_CH_2,163303084, 32025Y1LX, TRUE, 1.9,2021-06-28 20:03:13.255014
4,MEASUREMENT_DATA_CH_1,E10528700, 32025Y2MW, TRUE, 1.412,2021-06-28 20:11:27.353485
3,MEASUREMENT_DATA_CH_1,163437010, 32025Y2NZ, TRUE, 0.961,2021-06-28 20:55:07.844410
3,MEASUREMENT_DATA_IH_2,163437010, 3202570E8, TRUE, 2.133,2021-06-28 21:13:23.879969
5,MEASUREMENT_DATA_CH_1,163482011, 32025Y2NZ, TRUE, 0.986,2021-06-28 21:23:29.304672
6,MEASUREMENT_DATA_CH_1,163427016, 32025Y2NZ, TRUE, 0.972,2021-06-28 21:26:23.963376
5,MEASUREMENT_DATA_CH_1,163482011, 32025Y2NZ, TRUE, 0.933,2021-06-28 21:44:15.673740
5,MEASUREMENT_DATA_IH_1,163482011, 32025Y2NZ, TRUE, 1.643,2021-06-28 21:44:26.316928
4,MEASUREMENT_DATA_IH_1,E10528700, 32025Y25S, TRUE, 2.951,2021-06-28 22:17:38.057014
5,MEASUREMENT_DATA_CH_1,E08356900, 32025Y2BY, TRUE, 1.368,2021-06-28 22:23:49.566135
5,MEASUREMENT_DATA_CH_2,E08356900, 3202570S5, TRUE, 1.281,2021-06-28 22:24:00.442699
6,MEASUREMENT_DATA_CH_1,163487010, 3202570E8, TRUE, 1.121,2021-06-28 22:33:10.656302
3,MEASUREMENT_DATA_IH_2,E12575600, E03284700, TRUE, 1.901,2021-06-28 22:47:29.550067
4,MEASUREMENT_DATA_IH_2,16342A019, E12148500, TRUE, 1.52,2021-06-28 22:48:35.156006
4,MEASUREMENT_DATA_IH_1,16342A019, E00066800, TRUE, 1.475,2021-06-28 22:48:45.499537
4,MEASUREMENT_DATA_CH_1,16342A019, E00066800, TRUE, 0.769,2021-06-28 22:52:37.557005
6,MEASUREMENT_DATA_CH_1,163487010, 3202570E8, TRUE, 1.131,2021-06-28 23:15:57.398504
6,MEASUREMENT_DATA_CH_2,163487010, 32025Y2NZ, TRUE, 0.961,2021-06-28 23:16:08.368954
4,MEASUREMENT_DATA_IH_1,163468010, E00066800, TRUE, 1.45,2021-06-29 06:05:24.538820
1,MEASUREMENT_DATA_IH_1,E00012838, E21929400, TRUE, 1.969,2021-06-29 06:07:14.448026
3,MEASUREMENT_DATA_IH_1,E12575600, 32025Y2NZ, TRUE, 2.047,2021-06-29 06:11:22.721564
3,MEASUREMENT_DATA_CH_2,E12575600, E03284700, TRUE, 1.069,2021-06-29 06:11:34.025035
7,MEASUREMENT_DATA_CH_2,E12306200, 32025Y1LX, TRUE, 1.888,2021-06-29 06:32:48.762755
3,MEASUREMENT_DATA_CH_1,E12575700, 32025Y2NZ, TRUE, 1.049,2021-06-29 06:45:11.421105
3,MEASUREMENT_DATA_IH_1,E12575700, 32025Y2NZ, TRUE, 2.067,2021-06-29 06:45:17.250105
6,MEASUREMENT_DATA_IH_2,169306040, 3202570S5, FALSE, 2.804,2021-06-29 07:21:01.695941
5,MEASUREMENT_DATA_IH_2,E00002996, 3202577J0, TRUE, 2.797,2021-06-29 07:28:02.768876
6,MEASUREMENT_DATA_CH_2,169306040, 3202570S5, TRUE, 1.255,2021-06-29 07:48:13.046836
1,MEASUREMENT_DATA_CH_1,16AC2G010, 32025Y2NZ, TRUE, 0.967,2021-06-29 08:55:48.415418
1,MEASUREMENT_DATA_IH_1,16AC2G010, 32025Y2NZ, TRUE, 1.591,2021-06-29 09:23:51.506552
4,MEASUREMENT_DATA_IH_2,16AC0G010, 32025Y2NZ, TRUE, 1.598,2021-06-29 09:44:06.608154
7,MEASUREMENT_DATA_CH_2,163306087, 3202536X7, TRUE, 2.015,2021-06-29 09:53:53.612333
4,MEASUREMENT_DATA_CH_1,1633XG020, 3202585H5, FALSE, 1.232,2021-06-29 09:57:26.046850
4,MEASUREMENT_DATA_CH_1,1633XG020, 3202585H5, FALSE, 2.579,2021-06-29 09:59:01.226362
4,MEASUREMENT_DATA_CH_1,1633XG020, 3202585H5, TRUE, 1.203,2021-06-29 10:00:06.815656
4,MEASUREMENT_DATA_CH_1,1633XG020, 3202585H5, TRUE, 1.204,2021-06-29 10:38:42.559117
4,MEASUREMENT_DATA_CH_2,16AC4G010, 32025Y19P, TRUE, 1.151,2021-06-29 11:51:22.826113
4,MEASUREMENT_DATA_IH_2,16AC4G010, 32025Y19P, TRUE, 2.177,2021-06-29 11:55:14.131417
4,MEASUREMENT_DATA_IH_1,16AC4G010, 32025Y2NZ, TRUE, 1.664,2021-06-29 12:02:00.056811
6,MEASUREMENT_DATA_IH_2,163305063, 32025Y2C0, TRUE, 2.714,2021-06-29 12:16:47.253625
1,MEASUREMENT_DATA_IH_2,163445026, 32025Y2JT, TRUE, 3.446,2021-06-29 12:17:59.783408
1,MEASUREMENT_DATA_IH_2,169306024, 32025Y2JT, TRUE, 3.366,2021-06-29 12:31:07.698177
3,MEASUREMENT_DATA_IH_2,163484017, 32025Y2NZ, TRUE, 1.642,2021-06-29 12:38:48.129937
3,MEASUREMENT_DATA_CH_1,163484017, 32025Y2NZ, TRUE, 0.97,2021-06-29 12:45:17.605518
4,MEASUREMENT_DATA_IH_2,16AC4G010, 32025Y19P, TRUE, 2.188,2021-06-29 12:46:47.949810
3,MEASUREMENT_DATA_IH_2,163484017, 32025Y2NZ, TRUE, 1.662,2021-06-29 12:49:42.061688
3,MEASUREMENT_DATA_IH_2,163484017, 32025Y2NZ, TRUE, 1.657,2021-06-29 12:49:47.687475
4,MEASUREMENT_DATA_CH_1,163468010, E00066800, FALSE, 1.534,2021-06-29 13:13:43.555031
3,MEASUREMENT_DATA_CH_2,16ACG2010, 32025Y2C3, FALSE, 1.167,2021-06-29 13:23:11.198973
5,MEASUREMENT_DATA_CH_2,163304017, E04067000, TRUE, 0.913,2021-06-29 13:39:23.982935
6,MEASUREMENT_DATA_IH_2,163305063, 32025Y2C0, TRUE, 2.697,2021-06-29 13:57:31.791965
5,MEASUREMENT_DATA_IH_2,163434010, E04067000, TRUE, 2.708,2021-06-29 14:02:37.343687
4,MEASUREMENT_DATA_CH_1,169486024, 3202535J1, FALSE, 1.177,2021-06-29 14:10:02.925356
4,MEASUREMENT_DATA_IH_2,169486024, 32025Y2NZ, FALSE, 1.809,2021-06-29 14:11:31.727943
6,MEASUREMENT_DATA_IH_1,163303019, 320257A81, TRUE, 2.05,2021-06-29 14:11:45.604903
4,MEASUREMENT_DATA_IH_1,169486024, 3202535J1, TRUE, 2.101,2021-06-29 14:11:49.027261
7,MEASUREMENT_DATA_CH_2,E00393000, 3202558Z6, FALSE, 0,2021-06-29 14:51:51.543372
3,MEASUREMENT_DATA_IH_1,16345A040, 32025Y2QR, TRUE, 2.071,2021-06-29 14:55:54.213989
3,MEASUREMENT_DATA_CH_2,16345A040, 3202541W2, TRUE, 1.308,2021-06-29 14:56:00.888858
3,MEASUREMENT_DATA_CH_1,16345A040, 32025Y2QR, TRUE, 1.205,2021-06-29 15:15:37.460467
1,MEASUREMENT_DATA_CH_1,163438013, 32025Y2BJ, TRUE, 0.953,2021-06-29 15:16:31.691373
5,MEASUREMENT_DATA_CH_1,169426061, 3202573M8, TRUE, 1.589,2021-06-29 15:55:43.992025
5,MEASUREMENT_DATA_IH_1,169426061, 3202573M8, TRUE, 2.927,2021-06-29 15:55:49.659383
3,MEASUREMENT_DATA_CH_2,16AC32010, 3202570E8, TRUE, 1.113,2021-06-29 15:58:07.570410
1,MEASUREMENT_DATA_IH_1,163434010, 32025Y2S4, TRUE, 1.585,2021-06-29 16:14:36.657146
7,MEASUREMENT_DATA_CH_1,163458080, 32025Y2JX, TRUE, 1.928,2021-06-29 16:26:28.519144
7,MEASUREMENT_DATA_IH_2,163458080, 3202586P6, TRUE, 4.331,2021-06-29 16:26:56.250397
5,MEASUREMENT_DATA_IH_2,E03751300, 3202600A1, TRUE, 3.473,2021-06-29 16:27:58.683170
4,MEASUREMENT_DATA_IH_2,16AC3G010, 320265242, TRUE, 1.826,2021-06-29 16:39:37.742543
4,MEASUREMENT_DATA_IH_1,16AC3G010, E00066800, TRUE, 1.456,2021-06-29 16:39:54.634780
3,MEASUREMENT_DATA_IH_2,163302011, 3202570E8, TRUE, 2.1,2021-06-29 16:56:01.242416
6,MEASUREMENT_DATA_CH_2,16AC72010, 32025Y2C3, TRUE, 1.074,2021-06-29 17:05:25.614612
1,MEASUREMENT_DATA_CH_1,16ACX6010, 32025Y2S4, TRUE, 1.004,2021-06-29 17:15:37.016725
5,MEASUREMENT_DATA_CH_2,E12575300, 3202559W1, TRUE, 1.159,2021-06-29 17:24:00.510428
5,MEASUREMENT_DATA_IH_2,169306040, 3202559V3, TRUE, 3.245,2021-06-29 17:44:24.225363
3,MEASUREMENT_DATA_IH_2,16ACXG010, 3202570E8, TRUE, 2.063,2021-06-29 18:02:01.343494
4,MEASUREMENT_DATA_IH_2,163442015, 320265242, TRUE, 1.803,2021-06-29 18:02:25.412939
6,MEASUREMENT_DATA_IH_2,E00002996, 3202512R1, TRUE, 2.735,2021-06-29 18:10:30.368032
4,MEASUREMENT_DATA_IH_2,163442015, 320265242, TRUE, 1.881,2021-06-29 19:01:00.052426
5,MEASUREMENT_DATA_CH_2,163465016, E03846100, TRUE, 0.842,2021-06-29 19:04:40.526645
7,MEASUREMENT_DATA_IH_2,16BM50080, 3202586P6, TRUE, 4.317,2021-06-29 19:18:38.709744
4,MEASUREMENT_DATA_CH_2,163482011, 320265242, TRUE, 0.918,2021-06-29 19:42:51.027624
4,MEASUREMENT_DATA_IH_2,163482011, 320265242, TRUE, 1.793,2021-06-29 19:49:17.907830
4,MEASUREMENT_DATA_CH_2,163482011, 320265242, TRUE, 0.906,2021-06-29 19:52:40.133596
6,MEASUREMENT_DATA_IH_1,E12575700, 32025Y2NZ, TRUE, 2.089,2021-06-29 20:07:19.991353
6,MEASUREMENT_DATA_IH_1,E12575700, 32025Y2NZ, TRUE, 2.092,2021-06-29 20:43:40.094265
6,MEASUREMENT_DATA_CH_2,E12575700, 3202512R1, TRUE, 1.143,2021-06-29 20:43:45.344935
4,MEASUREMENT_DATA_CH_2,163308018, 320265242, TRUE, 0.913,2021-06-29 20:48:38.372060
4,MEASUREMENT_DATA_CH_2,163308018, 320265242, TRUE, 0.9,2021-06-29 21:30:47.673979
5,MEASUREMENT_DATA_IH_1,169306024, 320265234, TRUE, 2.056,2021-06-29 21:34:39.473236
3,MEASUREMENT_DATA_CH_2,164M26020, 3202542Y7, TRUE, 1.352,2021-06-29 21:37:37.418896
5,MEASUREMENT_DATA_IH_1,169306024, 320265234, TRUE, 2.054,2021-06-29 21:38:28.373913
5,MEASUREMENT_DATA_CH_2,169306024, E12148100, TRUE, 1.767,2021-06-29 21:51:29.464838
4,MEASUREMENT_DATA_IH_2,163478043, 3202532Q9, TRUE, 2.204,2021-06-29 22:43:08.176702
7,MEASUREMENT_DATA_CH_2,163472080, 3202536X7, TRUE, 2.045,2021-06-30 05:55:16.547635
5,MEASUREMENT_DATA_IH_2,E00005870, 3202542Y7, TRUE, 2.683,2021-06-30 05:59:23.980183
5,MEASUREMENT_DATA_IH_1,169486024, 3202515U9, TRUE, 3.54,2021-06-30 06:50:50.905658
5,MEASUREMENT_DATA_IH_1,169486024, 3202515U9, TRUE, 3.498,2021-06-30 06:54:42.384006
5,MEASUREMENT_DATA_IH_2,169486024, 32025Y25K, TRUE, 2.992,2021-06-30 06:54:52.726314
4,MEASUREMENT_DATA_IH_2,16AC0G010, 320257A81, TRUE, 2.049,2021-06-30 06:59:36.534453
6,MEASUREMENT_DATA_CH_2,163458011, 3202573E5, TRUE, 0.914,2021-06-30 07:05:52.579759
3,MEASUREMENT_DATA_CH_2,E12576400, 32025Y25S, TRUE, 1.54,2021-06-30 07:05:56.174022
3,MEASUREMENT_DATA_IH_2,E12576400, 32025Y25S, TRUE, 2.998,2021-06-30 07:06:01.662750
4,MEASUREMENT_DATA_IH_2,E00001725, 3202587B6, TRUE, 1.927,2021-06-30 07:16:32.808304
6,MEASUREMENT_DATA_CH_1,163484017, 32025Y2S4, TRUE, 0.954,2021-06-30 07:18:07.549292
6,MEASUREMENT_DATA_IH_2,163484017, 3202573E5, TRUE, 1.715,2021-06-30 07:18:13.253301
4,MEASUREMENT_DATA_CH_1,E00001725, 32025Y2C3, TRUE, 1.16,2021-06-30 07:21:36.019772
4,MEASUREMENT_DATA_IH_2,E00001725, 3202587B6, TRUE, 1.889,2021-06-30 07:25:16.514030
6,MEASUREMENT_DATA_IH_2,163438013, 3202539J7, TRUE, 1.807,2021-06-30 07:34:55.651900
4,MEASUREMENT_DATA_CH_2,E00001725, 3202587B6, TRUE, 1.125,2021-06-30 07:36:09.970641
3,MEASUREMENT_DATA_CH_2,169306024, 3202542Y7, TRUE, 1.366,2021-06-30 08:27:29.405197
6,MEASUREMENT_DATA_CH_2,16342A019, E03846100, TRUE, 0.839,2021-06-30 08:46:57.434489
6,MEASUREMENT_DATA_IH_1,16342A019, 32025Y2NZ, TRUE, 1.624,2021-06-30 08:47:03.589095
5,MEASUREMENT_DATA_IH_1,16ACX6010, 320290091, TRUE, 2.715,2021-06-30 09:42:42.257880
3,MEASUREMENT_DATA_IH_2,E00019736, 3202542Y7, TRUE, 2.556,2021-06-30 09:45:49.293916
7,MEASUREMENT_DATA_CH_1,163475080, 32025Y1LX, TRUE, 1.916,2021-06-30 10:05:29.627546
3,MEASUREMENT_DATA_IH_2,163465016, E00066800, TRUE, 1.446,2021-06-30 11:09:07.973448
3,MEASUREMENT_DATA_CH_1,163465016, 32025Y2NZ, TRUE, 0.933,2021-06-30 11:10:57.744327
6,MEASUREMENT_DATA_IH_1,163436017, 32025Y2NZ, TRUE, 1.609,2021-06-30 11:35:39.451291
3,MEASUREMENT_DATA_CH_1,163465016, 32025Y2NZ, TRUE, 0.971,2021-06-30 11:37:54.353166
3,MEASUREMENT_DATA_CH_2,163470040, E03732200, TRUE, 1.098,2021-06-30 13:01:48.906666
3,MEASUREMENT_DATA_IH_1,163470040, 32025Y2L7, TRUE, 2.291,2021-06-30 13:02:21.519804
3,MEASUREMENT_DATA_IH_2,163470040, E03732200, TRUE, 2.016,2021-06-30 13:10:29.003517
3,MEASUREMENT_DATA_IH_2,E00001726, E03732200, TRUE, 1.89,2021-06-30 14:13:20.508925
3,MEASUREMENT_DATA_CH_2,E00001726, E03732200, TRUE, 1.006,2021-06-30 14:14:20.334361
4,MEASUREMENT_DATA_CH_2,163407018, 320251440, FALSE, 1.054,2021-06-30 14:14:21.325849
4,MEASUREMENT_DATA_CH_2,163407018, 320251440, TRUE, 0.96,2021-06-30 14:15:46.463617
6,MEASUREMENT_DATA_IH_2,16ACA2010, 32025Y2JT, TRUE, 3.158,2021-06-30 14:27:45.182843
3,MEASUREMENT_DATA_IH_2,169306040, E03732200, TRUE, 2.04,2021-06-30 14:56:50.078760
1,MEASUREMENT_DATA_CH_2,E12575800, 3202535J1, TRUE, 1.113,2021-06-30 15:04:02.036167
6,MEASUREMENT_DATA_CH_2,16ACA2010, 32025Y2JT, TRUE, 0.923,2021-06-30 15:07:15.902705
6,MEASUREMENT_DATA_CH_2,163442015, 32025Y2JT, TRUE, 0.911,2021-06-30 15:23:58.770734
1,MEASUREMENT_DATA_IH_2,16AC3G010, E03846100, TRUE, 2.797,2021-06-30 16:02:23.963473
3,MEASUREMENT_DATA_CH_1,16ACG3010, 32025Y2NZ, TRUE, 0.96,2021-06-30 16:11:25.043962
3,MEASUREMENT_DATA_IH_1,16ACG3010, 32025Y2NZ, TRUE, 1.575,2021-06-30 16:16:06.429733
7,MEASUREMENT_DATA_CH_2,1633X4080, 32025Y25S, TRUE, 2.161,2021-06-30 16:42:34.632877
6,MEASUREMENT_DATA_CH_2,16AC4G010, 32025Y2JT, TRUE, 0.901,2021-06-30 16:57:13.609784
6,MEASUREMENT_DATA_IH_2,16AC4G010, 32025Y2JT, TRUE, 3.139,2021-06-30 16:57:25.891438
4,MEASUREMENT_DATA_CH_2,16AC8A010, 3202570E8, TRUE, 1.104,2021-06-30 17:13:26.097339
4,MEASUREMENT_DATA_IH_2,16AC8A010, 3202570E8, TRUE, 2.075,2021-06-30 17:25:31.156833
1,MEASUREMENT_DATA_IH_2,163434010, E00066800, TRUE, 1.456,2021-06-30 17:36:15.398387
5,MEASUREMENT_DATA_CH_1,169487022, 3202515U9, TRUE, 1.053,2021-06-30 17:42:12.864256
5,MEASUREMENT_DATA_IH_1,169487022, 3202515U9, TRUE, 3.525,2021-06-30 17:42:19.146408
4,MEASUREMENT_DATA_CH_2,163437010, 3202570E8, TRUE, 1.114,2021-06-30 17:59:39.814010
4,MEASUREMENT_DATA_IH_2,163437010, 3202570E8, TRUE, 2.085,2021-06-30 17:59:45.799283
6,MEASUREMENT_DATA_IH_1,16AC4G010, 3202587B6, TRUE, 1.798,2021-06-30 18:01:24.910615
5,MEASUREMENT_DATA_CH_2,169306024, 3202580I8, TRUE, 1.008,2021-06-30 18:15:41.606243
4,MEASUREMENT_DATA_IH_2,163437010, 3202570E8, TRUE, 2.091,2021-06-30 18:17:42.265911
6,MEASUREMENT_DATA_CH_1,16AC4G010, 3202587B6, TRUE, 0.993,2021-06-30 18:51:24.516004
6,MEASUREMENT_DATA_CH_2,163448012, 32025Y2JT, TRUE, 0.916,2021-06-30 19:02:08.633224
1,MEASUREMENT_DATA_CH_1,E25183100, E00066800, TRUE, 0.772,2021-06-30 19:14:16.659463
1,MEASUREMENT_DATA_IH_1,E25183100, E00066800, TRUE, 1.502,2021-06-30 19:14:22.300987
1,MEASUREMENT_DATA_CH_2,E25183100, E00066800, TRUE, 0.788,2021-06-30 19:14:27.379739
3,MEASUREMENT_DATA_IH_1,16AC0G010, 32025Y2NZ, TRUE, 1.625,2021-06-30 19:21:14.837664
1,MEASUREMENT_DATA_IH_2,16ACX6010, 320264906, TRUE, 1.885,2021-06-30 20:13:40.364652
6,MEASUREMENT_DATA_CH_1,16AC43010, 3202587B6, FALSE, 0.918,2021-06-30 20:42:19.081768
6,MEASUREMENT_DATA_IH_1,16AC43010, 3202587B6, TRUE, 1.811,2021-06-30 20:47:08.595195
3,MEASUREMENT_DATA_CH_1,163426018, 32025Y2NZ, TRUE, 0.963,2021-06-30 20:58:38.808773
3,MEASUREMENT_DATA_IH_1,163426018, 32025Y2NZ, TRUE, 1.623,2021-06-30 20:58:48.889779
6,MEASUREMENT_DATA_IH_2,16AC43010, 32025Y2JT, TRUE, 3.182,2021-06-30 21:04:54.810165
6,MEASUREMENT_DATA_CH_2,16AC43010, 32025Y2JT, TRUE, 0.941,2021-06-30 21:20:00.065483
6,MEASUREMENT_DATA_IH_2,16AC43010, 32025Y2JT, TRUE, 3.095,2021-06-30 21:20:03.737902
1,MEASUREMENT_DATA_IH_2,163303019, 32025Y19P, TRUE, 2.174,2021-06-30 21:34:35.725848
3,MEASUREMENT_DATA_CH_2,16AC20010, 32025Y2NK, FALSE, 1.147,2021-06-30 21:57:04.762131
4,MEASUREMENT_DATA_CH_2,164M08020, 3202563E7, TRUE, 1.253,2021-06-30 22:06:16.879897
4,MEASUREMENT_DATA_IH_2,164M08020, 3202563E7, TRUE, 2.122,2021-06-30 22:06:21.505521
4,MEASUREMENT_DATA_CH_2,164M08020, 3202563E7, TRUE, 1.243,2021-06-30 22:16:55.653327
3,MEASUREMENT_DATA_IH_1,16AC20010, 32025Y2NZ, TRUE, 1.616,2021-06-30 22:23:23.132783
3,MEASUREMENT_DATA_CH_2,16AC20010, 32025Y2NK, TRUE, 1.036,2021-06-30 22:23:29.805581
3,MEASUREMENT_DATA_IH_2,16AC20010, 32025Y2NK, TRUE, 1.761,2021-06-30 22:23:34.837545
6,MEASUREMENT_DATA_CH_1,163465016, 3202587B6, FALSE, 0.906,2021-06-30 22:31:16.268819
3,MEASUREMENT_DATA_CH_1,16AC20010, 32025Y2NZ, TRUE, 0.956,2021-06-30 22:53:39.797545
3,MEASUREMENT_DATA_CH_1,16AC20010, 32025Y2NZ, TRUE, 0.951,2021-06-30 23:07:12.622642
4,MEASUREMENT_DATA_CH_1,164M08020, 32025Y2C3, TRUE, 1.131,2021-06-30 23:10:39.548126
7,MEASUREMENT_DATA_IH_2,163427081, 32025Y25S, TRUE, 3.499,2021-07-01 05:58:07.781978
7,MEASUREMENT_DATA_CH_1,163427081, 32025Y1LX, TRUE, 1.906,2021-07-01 06:05:19.211637
1,MEASUREMENT_DATA_CH_2,169487063, 32025Y2JX, TRUE, 1.708,2021-07-01 06:44:09.345019
1,MEASUREMENT_DATA_IH_2,169487063, 32025Y2JX, TRUE, 3.796,2021-07-01 06:44:13.626906
5,MEASUREMENT_DATA_CH_2,163308018, E04067000, TRUE, 0.929,2021-07-01 06:51:02.445793
3,MEASUREMENT_DATA_CH_2,167806066, 3202532Q9, FALSE, 1.19,2021-07-01 07:12:05.093556
3,MEASUREMENT_DATA_CH_2,167806066, 3202532Q9, TRUE, 1.429,2021-07-01 07:15:18.408726
4,MEASUREMENT_DATA_CH_1,169306024, 3202539J7, TRUE, 1.154,2021-07-01 07:32:33.664634
4,MEASUREMENT_DATA_IH_1,169306024, 3202539J7, TRUE, 2.127,2021-07-01 07:33:41.765651
6,MEASUREMENT_DATA_IH_2,164MX2020, E08046100, TRUE, 1.796,2021-07-01 07:46:41.090162
5,MEASUREMENT_DATA_CH_1,169436029, E03284700, TRUE, 1.035,2021-07-01 07:56:17.662596
5,MEASUREMENT_DATA_IH_2,169436029, 3202577J0, TRUE, 2.797,2021-07-01 07:57:26.562078
3,MEASUREMENT_DATA_CH_2,E12575600, E03284700, TRUE, 1.064,2021-07-01 08:15:15.203749
3,MEASUREMENT_DATA_IH_1,E12575600, 32025Y2NZ, TRUE, 2.081,2021-07-01 08:16:47.096540
3,MEASUREMENT_DATA_CH_1,E12575600, 32025Y2NZ, TRUE, 1.052,2021-07-01 08:17:42.137119
3,MEASUREMENT_DATA_CH_2,163407018, 32025Y2NZ, TRUE, 0.955,2021-07-01 08:31:25.771265
7,MEASUREMENT_DATA_CH_2,163306103, 32025Y0VN, TRUE, 2.371,2021-07-01 09:09:23.353019
6,MEASUREMENT_DATA_IH_1,169436029, E08046100, TRUE, 1.833,2021-07-01 09:57:45.509681
6,MEASUREMENT_DATA_IH_1,169436029, E08046100, TRUE, 1.809,2021-07-01 10:23:43.120875
1,MEASUREMENT_DATA_IH_1,E12575800, 32025Y2C3, TRUE, 2.076,2021-07-01 10:30:09.119732
7,MEASUREMENT_DATA_CH_1,163442106, E08124700, TRUE, 2.236,2021-07-01 11:10:31.176135
1,MEASUREMENT_DATA_IH_2,16ACG2010, 3202512R1, TRUE, 2.552,2021-07-01 11:12:24.984984
3,MEASUREMENT_DATA_CH_1,16AC23010, 32025Y2NZ, TRUE, 0.968,2021-07-01 11:16:57.367279
3,MEASUREMENT_DATA_CH_1,16AC23010, 32025Y2NZ, TRUE, 0.971,2021-07-01 11:17:40.420177
5,MEASUREMENT_DATA_IH_2,16AC4G010, E03211800, TRUE, 3.302,2021-07-01 11:18:18.886407
4,MEASUREMENT_DATA_CH_2,16ACX6010, 320251440, FALSE, 3.387,2021-07-01 12:32:10.805519
4,MEASUREMENT_DATA_IH_1,16ACX6010, 32025Y2S4, TRUE, 1.569,2021-07-01 12:33:29.494753
4,MEASUREMENT_DATA_IH_1,16ACX6010, 32025Y2S4, TRUE, 1.589,2021-07-01 12:37:15.216563
4,MEASUREMENT_DATA_CH_2,16ACX6010, 320251440, TRUE, 0.968,2021-07-01 12:37:21.498802
4,MEASUREMENT_DATA_IH_2,16ACX6010, 320251440, TRUE, 3.421,2021-07-01 12:37:27.108942
4,MEASUREMENT_DATA_IH_2,16ACX6010, 320251440, TRUE, 3.456,2021-07-01 13:05:57.881968
3,MEASUREMENT_DATA_IH_1,163438013, 32025Y2NZ, TRUE, 1.618,2021-07-01 13:12:02.758915
3,MEASUREMENT_DATA_CH_2,163438013, 32025Y2NZ, TRUE, 0.955,2021-07-01 13:12:27.028092
6,MEASUREMENT_DATA_CH_1,169436029, E08046100, TRUE, 0.992,2021-07-01 13:58:45.824332
4,MEASUREMENT_DATA_CH_1,16ACG0010, 32025Y2S4, TRUE, 0.959,2021-07-01 14:04:02.775614
4,MEASUREMENT_DATA_CH_1,16ACG0010, 32025Y2S4, TRUE, 0.993,2021-07-01 14:05:26.459920
3,MEASUREMENT_DATA_CH_2,16AC3G010, 32025Y2NZ, TRUE, 0.957,2021-07-01 14:21:26.297394
1,MEASUREMENT_DATA_IH_1,16ACG2010, 32025Y2NZ, TRUE, 1.637,2021-07-01 15:15:55.108853
4,MEASUREMENT_DATA_CH_2,16ACG0010, 320251440, TRUE, 0.918,2021-07-01 15:20:16.638190
4,MEASUREMENT_DATA_IH_2,16ACG0010, 320251440, TRUE, 3.475,2021-07-01 15:20:23.491629
7,MEASUREMENT_DATA_IH_1,163442106, E08124700, TRUE, 4.368,2021-07-01 15:22:19.061501
7,MEASUREMENT_DATA_CH_2,163442106, 32025Y19M, TRUE, 2.243,2021-07-01 15:22:25.932113
3,MEASUREMENT_DATA_IH_2,16AC3G010, 32025Y2NZ, TRUE, 1.645,2021-07-01 15:22:35.375562
3,MEASUREMENT_DATA_IH_1,16AC3G010, 3202602M3, TRUE, 3.555,2021-07-01 15:22:48.030259
5,MEASUREMENT_DATA_CH_2,163448012, E03211800, TRUE, 0.899,2021-07-01 15:31:32.370365
5,MEASUREMENT_DATA_IH_2,163448012, E03211800, TRUE, 3.298,2021-07-01 15:31:41.604631
6,MEASUREMENT_DATA_IH_2,163486012, 32025Y2NZ, TRUE, 1.61,2021-07-01 15:35:37.554810
6,MEASUREMENT_DATA_CH_1,163486012, 3202570E8, TRUE, 1.096,2021-07-01 15:35:42.857941
6,MEASUREMENT_DATA_CH_2,163486012, 32025Y2NZ, TRUE, 0.977,2021-07-01 17:22:21.336407
3,MEASUREMENT_DATA_CH_1,164MX3020, 32025Y2NZ, TRUE, 1.029,2021-07-01 17:28:06.283638
3,MEASUREMENT_DATA_CH_2,164MX3020, 3202585H5, FALSE, 0.943,2021-07-01 17:28:50.568414
7,MEASUREMENT_DATA_IH_1,E03751300, 32025Y2BM, TRUE, 2.562,2021-07-01 17:34:31.881105
6,MEASUREMENT_DATA_IH_1,163482011, 3202570E8, FALSE, 0,2021-07-01 17:41:20.221918
4,MEASUREMENT_DATA_IH_2,16ACGA010, 320251440, TRUE, 3.545,2021-07-01 18:41:38.850453
5,MEASUREMENT_DATA_CH_1,16AC57010, 32025Y2S4, TRUE, 1.03,2021-07-01 18:42:27.300504
4,MEASUREMENT_DATA_IH_1,16ACGA010, 320251440, TRUE, 3.518,2021-07-01 18:46:29.919235
4,MEASUREMENT_DATA_CH_2,16ACGA010, 32025Y2S4, TRUE, 0.99,2021-07-01 18:48:31.815133
4,MEASUREMENT_DATA_CH_1,16ACGA010, 320251440, TRUE, 0.956,2021-07-01 19:04:10.922152
6,MEASUREMENT_DATA_IH_2,16ACX6010, 3202601D4, TRUE, 3.938,2021-07-01 19:14:44.534282
4,MEASUREMENT_DATA_IH_1,163463011, E00066800, TRUE, 1.484,2021-07-01 19:29:00.240948
6,MEASUREMENT_DATA_IH_1,163406010, 32025Y2NZ, TRUE, 1.57,2021-07-01 20:50:51.807273
5,MEASUREMENT_DATA_CH_2,163456049, 320258FA9, FALSE, 1.389,2021-07-01 21:21:10.662020
4,MEASUREMENT_DATA_IH_2,163428014, 32025Y2NZ, TRUE, 1.617,2021-07-01 21:49:33.466396
5,MEASUREMENT_DATA_CH_2,E09918300, 32025Y2L7, FALSE, 1.294,2021-07-01 22:11:04.889554
6,MEASUREMENT_DATA_IH_1,163407018, 32025Y2NZ, TRUE, 1.583,2021-07-01 22:13:37.304011
4,MEASUREMENT_DATA_CH_1,163428014, E00066800, TRUE, 0.739,2021-07-01 22:38:48.149688
6,MEASUREMENT_DATA_IH_1,163407018, 32025Y2NZ, TRUE, 1.608,2021-07-01 22:39:23.987966
6,MEASUREMENT_DATA_CH_2,163407018, 3202601D4, TRUE, 1.017,2021-07-01 22:51:33.966222
5,MEASUREMENT_DATA_IH_2,163465016, E03846100, TRUE, 2.799,2021-07-01 22:54:15.334650
7,MEASUREMENT_DATA_IH_1,164MX7080, 32025Y25S, TRUE, 3.532,2021-07-01 23:00:32.464740
1,MEASUREMENT_DATA_IH_2,16ACX6010, E07899500, TRUE, 1.534,2021-07-02 05:55:12.405706
4,MEASUREMENT_DATA_CH_2,163482011, 32025Y19P, TRUE, 1.188,2021-07-02 05:58:36.115626
7,MEASUREMENT_DATA_IH_1,164MX7080, 32025Y25S, TRUE, 3.476,2021-07-02 06:04:18.816493
1,MEASUREMENT_DATA_IH_2,163438013, E07899500, TRUE, 1.538,2021-07-02 06:37:42.951857
7,MEASUREMENT_DATA_IH_2,163306087, 320258FB7, TRUE, 3.161,2021-07-02 07:16:30.165878
1,MEASUREMENT_DATA_CH_2,163438013, E07899500, TRUE, 0.858,2021-07-02 07:21:44.743613
3,MEASUREMENT_DATA_CH_2,E00012838, 3202542Y7, TRUE, 1.392,2021-07-02 08:21:55.629332
7,MEASUREMENT_DATA_CH_2,E00393000, 3202542Z5, FALSE, 0,2021-07-02 08:42:27.638696
3,MEASUREMENT_DATA_CH_2,E00012838, 3202542Y7, FALSE, 1.752,2021-07-02 08:47:37.475376
4,MEASUREMENT_DATA_CH_2,E00012838, 32025Y2KN, TRUE, 1.273,2021-07-02 09:10:44.222298
3,MEASUREMENT_DATA_CH_1,E12575200, E21929400, TRUE, 1.115,2021-07-02 09:35:05.868187
3,MEASUREMENT_DATA_IH_1,E12575200, E21929400, TRUE, 1.926,2021-07-02 09:35:11.024941
1,MEASUREMENT_DATA_CH_2,163407018, 32025Y2SV, TRUE, 0.816,2021-07-02 09:36:26.158193
1,MEASUREMENT_DATA_IH_2,163407018, 32025Y2SV, TRUE, 2.803,2021-07-02 09:36:31.878775
3,MEASUREMENT_DATA_CH_2,E12575400, E03732200, TRUE, 1.013,2021-07-02 09:57:26.962295
5,MEASUREMENT_DATA_IH_2,163465016, 32025Y2NZ, TRUE, 1.588,2021-07-02 10:02:18.845886
4,MEASUREMENT_DATA_IH_2,E00012838, 32025Y2KN, TRUE, 3.106,2021-07-02 10:08:44.029319
4,MEASUREMENT_DATA_IH_2,E00012838, 32025Y2KN, TRUE, 3.15,2021-07-02 10:09:11.177960
4,MEASUREMENT_DATA_IH_2,169306024, 3202587B6, TRUE, 1.927,2021-07-02 11:11:24.452453
3,MEASUREMENT_DATA_CH_2,E02052100, E03732200, FALSE, 1.015,2021-07-02 11:33:37.506712
1,MEASUREMENT_DATA_CH_1,163437010, E00066800, TRUE, 0.764,2021-07-02 11:34:49.682007
5,MEASUREMENT_DATA_CH_2,164M80020, 32025Y34H, TRUE, 1.102,2021-07-02 11:36:34.751858
6,MEASUREMENT_DATA_CH_1,164MX7020, 320251440, TRUE, 1.03,2021-07-02 11:58:08.959382
3,MEASUREMENT_DATA_IH_1,164M07040, 32025Y2BL, FALSE, 1.832,2021-07-02 12:52:44.190040
7,MEASUREMENT_DATA_CH_2,163307101, 320250AG8, TRUE, 2.493,2021-07-02 13:10:21.014227
6,MEASUREMENT_DATA_IH_1,163304017, 320251440, TRUE, 3.514,2021-07-02 13:19:43.309158
6,MEASUREMENT_DATA_IH_1,163308018, 320251440, TRUE, 3.5,2021-07-02 13:43:25.973667
6,MEASUREMENT_DATA_IH_2,163308018, 32025Y2NZ, TRUE, 1.618,2021-07-02 13:43:42.666498
5,MEASUREMENT_DATA_IH_2,163442015, E08046000, TRUE, 1.552,2021-07-02 13:47:08.785749
7,MEASUREMENT_DATA_CH_2,E07551300, 32025Y25S, TRUE, 2.162,2021-07-02 14:02:23.654275
4,MEASUREMENT_DATA_IH_2,163412018, E00066800, TRUE, 1.513,2021-07-02 15:38:17.582976
4,MEASUREMENT_DATA_CH_1,163412018, E00066800, TRUE, 0.799,2021-07-02 15:38:23.654942
6,MEASUREMENT_DATA_CH_2,164MX7020, E08046100, TRUE, 0.931,2021-07-02 15:42:15.789743
1,MEASUREMENT_DATA_IH_2,E12575300, 3202535J1, TRUE, 2.154,2021-07-02 15:43:25.596088
4,MEASUREMENT_DATA_IH_2,16ACX6010, E00066800, TRUE, 1.514,2021-07-02 16:09:29.627187
5,MEASUREMENT_DATA_IH_2,E12295900, 3202577J0, TRUE, 3.399,2021-07-02 16:18:54.734989
6,MEASUREMENT_DATA_CH_1,164MX7020, 320251440, TRUE, 1.068,2021-07-02 16:27:30.179396
4,MEASUREMENT_DATA_IH_2,16ACX6010, E00066800, TRUE, 1.514,2021-07-02 16:34:28.914558
4,MEASUREMENT_DATA_CH_2,163465016, E00066800, TRUE, 0.726,2021-07-02 17:09:01.462864
6,MEASUREMENT_DATA_CH_1,E00002996, E08046100, TRUE, 0.954,2021-07-02 17:23:40.483240
6,MEASUREMENT_DATA_CH_1,E00002996, E08046100, TRUE, 0.927,2021-07-02 17:38:01.130704
6,MEASUREMENT_DATA_IH_1,E00002996, E08046100, TRUE, 1.774,2021-07-02 18:08:19.573052
5,MEASUREMENT_DATA_IH_1,163437010, E00066800, TRUE, 1.46,2021-07-02 18:15:08.267907
5,MEASUREMENT_DATA_CH_2,163437010, E00066800, TRUE, 0.75,2021-07-02 18:15:14.706374
7,MEASUREMENT_DATA_IH_1,163306103, 3202574F2, TRUE, 4.472,2021-07-02 18:29:16.272005
4,MEASUREMENT_DATA_CH_1,16AC78010, E00066800, FALSE, 1.033,2021-07-02 18:40:12.443407
4,MEASUREMENT_DATA_CH_2,16AC78010, 32025Y2BJ, TRUE, 0.955,2021-07-02 18:41:23.468592
4,MEASUREMENT_DATA_CH_1,16AC78010, E00066800, TRUE, 0.768,2021-07-02 18:41:40.736614
6,MEASUREMENT_DATA_IH_1,E00002996, E08046100, TRUE, 1.766,2021-07-02 18:49:36.266952
5,MEASUREMENT_DATA_CH_1,163437010, E00066800, TRUE, 0.752,2021-07-02 19:01:24.971613
5,MEASUREMENT_DATA_CH_1,163437010, E00066800, TRUE, 0.743,2021-07-02 19:09:34.049723
5,MEASUREMENT_DATA_IH_1,163437010, E00066800, TRUE, 1.475,2021-07-02 19:09:38.253346
6,MEASUREMENT_DATA_CH_2,16ACG0010, 32025Y2NZ, TRUE, 0.96,2021-07-02 19:25:01.552970
6,MEASUREMENT_DATA_IH_1,16ACG0010, 3202570E8, TRUE, 2.076,2021-07-02 19:25:14.382791
6,MEASUREMENT_DATA_CH_2,16ACG0010, 32025Y2NZ, TRUE, 0.983,2021-07-02 19:38:02.234589
1,MEASUREMENT_DATA_CH_1,16ACX6010, 32025Y2S4, TRUE, 0.991,2021-07-02 19:42:55.751997
7,MEASUREMENT_DATA_IH_2,163307101, 320257BP2, TRUE, 4.385,2021-07-02 19:43:01.174532
1,MEASUREMENT_DATA_CH_2,16ACX6010, 32025Y2JT, TRUE, 0.919,2021-07-02 19:45:34.209252
5,MEASUREMENT_DATA_CH_1,163427016, E00066800, TRUE, 0.753,2021-07-02 19:45:56.122833
6,MEASUREMENT_DATA_IH_2,16ACG0010, 32025Y2NZ, TRUE, 1.618,2021-07-02 19:58:42.813039
5,MEASUREMENT_DATA_CH_1,16ACA6010, E00066800, TRUE, 0.732,2021-07-02 20:50:54.109872
6,MEASUREMENT_DATA_IH_1,16ACG0010, 3202570E8, TRUE, 2.076,2021-07-02 20:56:56.345588
7,MEASUREMENT_DATA_CH_2,163306087, 32025Y1LX, TRUE, 1.906,2021-07-02 21:18:12.432664
4,MEASUREMENT_DATA_IH_2,167806066, 3202532Q9, TRUE, 2.591,2021-07-02 22:55:56.006739
5,MEASUREMENT_DATA_IH_1,163436017, E00066800, TRUE, 1.482,2021-07-02 23:02:22.257174
5,MEASUREMENT_DATA_CH_2,163436017, E00066800, TRUE, 0.747,2021-07-02 23:02:28.789422
4,MEASUREMENT_DATA_CH_1,169306024, 320251440, TRUE, 1.024,2021-07-05 09:35:57.067434
4,MEASUREMENT_DATA_CH_1,16AC16010, E00066800, TRUE, 0.75,2021-07-05 11:39:30.514554
4,MEASUREMENT_DATA_CH_1,16AC16010, E00066800, TRUE, 0.769,2021-07-05 11:59:05.769765
4,MEASUREMENT_DATA_IH_2,16AC18010, 3202521B5, TRUE, 2.123,2021-07-05 12:17:46.230274
5,MEASUREMENT_DATA_IH_1,1633XG020, 32025Y2C3, TRUE, 2.01,2021-07-05 12:22:42.333976
1,MEASUREMENT_DATA_CH_2,E00019736, E05121000, TRUE, 0.915,2021-07-05 12:59:19.303691
1,MEASUREMENT_DATA_IH_2,E00019736, E05121000, TRUE, 2.655,2021-07-05 13:01:49.737536
7,MEASUREMENT_DATA_CH_1,E10549500, 3202574F2, TRUE, 2.197,2021-07-05 13:13:52.272659
7,MEASUREMENT_DATA_IH_1,E10549500, 3202574F2, TRUE, 4.402,2021-07-05 13:13:58.573992
7,MEASUREMENT_DATA_IH_2,E10549500, 320257BP2, TRUE, 4.339,2021-07-05 13:14:10.443324
4,MEASUREMENT_DATA_CH_1,164M60020, E21929400, FALSE, 1.168,2021-07-05 13:49:57.299866
5,MEASUREMENT_DATA_CH_1,164M07020, 32025Y2NZ, TRUE, 1.043,2021-07-05 14:13:44.586578
5,MEASUREMENT_DATA_IH_1,164M07020, 32025Y2NZ, TRUE, 2.038,2021-07-05 14:15:01.906198
4,MEASUREMENT_DATA_IH_2,164M60020, 3202542Y7, TRUE, 2.58,2021-07-05 14:23:04.916512
1,MEASUREMENT_DATA_IH_2,164M34020, 3202559W1, TRUE, 3.17,2021-07-05 14:24:24.292881
1,MEASUREMENT_DATA_CH_2,164M34020, 3202559W1, TRUE, 1.151,2021-07-05 14:50:45.521168
1,MEASUREMENT_DATA_IH_2,164M34020, 3202559W1, TRUE, 3.197,2021-07-05 14:51:11.766790
4,MEASUREMENT_DATA_IH_2,164M60020, 3202542Y7, TRUE, 2.554,2021-07-05 14:52:07.941358
3,MEASUREMENT_DATA_CH_2,167806066, 320258FW8, TRUE, 1.789,2021-07-05 15:07:04.175005
1,MEASUREMENT_DATA_IH_2,169306024, E00025359, TRUE, 2.124,2021-07-05 15:20:48.586043
3,MEASUREMENT_DATA_CH_2,167806066, 320258FW8, TRUE, 1.789,2021-07-05 15:26:08.481339
4,MEASUREMENT_DATA_IH_2,E12575200, 3202576R4, TRUE, 2.463,2021-07-05 15:26:15.777692
1,MEASUREMENT_DATA_CH_1,163482011, 32025Y2NZ, TRUE, 0.995,2021-07-05 15:42:44.244592
1,MEASUREMENT_DATA_IH_1,163482011, 32025Y2NZ, TRUE, 1.668,2021-07-05 15:45:34.997966
7,MEASUREMENT_DATA_CH_2,163306103, 3202573U8, TRUE, 2.332,2021-07-05 15:53:29.250628
7,MEASUREMENT_DATA_IH_2,163306103, 3202573U8, TRUE, 3.838,2021-07-05 15:53:34.922701
5,MEASUREMENT_DATA_CH_1,E03751300, 32025Y2QJ, TRUE, 1.471,2021-07-05 16:04:11.602629
3,MEASUREMENT_DATA_CH_2,163482011, 3202587B6, TRUE, 0.979,2021-07-05 16:25:00.641900
3,MEASUREMENT_DATA_CH_1,163482011, 3202587B6, TRUE, 1.013,2021-07-05 16:40:54.675263
1,MEASUREMENT_DATA_CH_1,164MA2020, 32025Y2NZ, TRUE, 1.028,2021-07-05 18:16:17.687143
3,MEASUREMENT_DATA_CH_1,16AC78010, E12148500, FALSE, 0.816,2021-07-05 18:56:47.124244
5,MEASUREMENT_DATA_CH_2,169426061, 3202600A1, TRUE, 1.417,2021-07-05 19:14:44.260736
1,MEASUREMENT_DATA_CH_1,16AC23010, 32025Y2NZ, TRUE, 0.973,2021-07-05 19:46:53.703242
4,MEASUREMENT_DATA_CH_1,163408016, E00066800, TRUE, 0.749,2021-07-05 19:47:26.379756
1,MEASUREMENT_DATA_IH_2,16AC23010, 32025Y1NN, TRUE, 3.296,2021-07-05 19:52:39.119689
3,MEASUREMENT_DATA_CH_2,163478068, 32025Y25S, FALSE, 1.915,2021-07-05 21:18:45.121902
7,MEASUREMENT_DATA_IH_1,1633X4080, 3202573M8, TRUE, 3.349,2021-07-05 21:19:07.363300
5,MEASUREMENT_DATA_IH_2,E12304800, 3202532Q9, TRUE, 2.6,2021-07-05 21:32:23.165679
1,MEASUREMENT_DATA_CH_2,163302011, 320264906, FALSE, 1.146,2021-07-05 21:45:03.858630
1,MEASUREMENT_DATA_IH_2,163302011, 320264906, TRUE, 1.833,2021-07-05 21:45:56.386202
4,MEASUREMENT_DATA_IH_2,1633X8020, 32025Y2KN, TRUE, 3.154,2021-07-05 22:01:14.799226
3,MEASUREMENT_DATA_CH_1,163478068, E01925600, TRUE, 1.512,2021-07-05 22:02:54.616371
4,MEASUREMENT_DATA_CH_2,16930A025, 32025Y2KN, TRUE, 1.281,2021-07-05 22:21:04.547097
5,MEASUREMENT_DATA_IH_2,163303019, 32025Y19P, TRUE, 2.154,2021-07-05 22:22:40.079676
4,MEASUREMENT_DATA_IH_2,16930A025, 32025Y2KN, TRUE, 3.186,2021-07-05 22:29:28.785027
7,MEASUREMENT_DATA_CH_1,163303084, 3202573M8, TRUE, 1.873,2021-07-05 22:37:29.882047
7,MEASUREMENT_DATA_IH_1,163303084, 3202573M8, TRUE, 3.362,2021-07-05 22:37:34.506371
5,MEASUREMENT_DATA_IH_2,167807064, 32025Y387, TRUE, 2.688,2021-07-05 23:13:38.764351
3,MEASUREMENT_DATA_IH_1,E12575200, 320265234, TRUE, 2.011,2021-07-05 23:17:52.325252
7,MEASUREMENT_DATA_IH_1,163303084, 3202573M8, TRUE, 3.399,2021-07-06 06:10:04.458428
1,MEASUREMENT_DATA_CH_2,163407018, 32025Y2S4, TRUE, 1.002,2021-07-06 06:13:38.534951
5,MEASUREMENT_DATA_IH_2,E12305100, 32025Y2MW, TRUE, 2.902,2021-07-06 06:54:10.973626
7,MEASUREMENT_DATA_CH_1,1633X4080, 32025Y1LX, FALSE, 2.136,2021-07-06 07:09:49.212265
5,MEASUREMENT_DATA_CH_2,16ACA2010, E03846100, TRUE, 0.844,2021-07-06 10:37:48.723653
7,MEASUREMENT_DATA_IH_2,163306087, 32025Y25S, TRUE, 3.49,2021-07-06 11:43:58.511479
1,MEASUREMENT_DATA_CH_1,16AC32010, 32025Y2S4, TRUE, 1.005,2021-07-06 12:18:48.282248
1,MEASUREMENT_DATA_IH_1,16AC32010, 32025Y2S4, TRUE, 1.468,2021-07-06 12:18:59.013884
5,MEASUREMENT_DATA_IH_2,16ACA2010, E03846100, TRUE, 2.867,2021-07-06 12:22:02.739972
5,MEASUREMENT_DATA_IH_2,163465016, E03846100, TRUE, 2.839,2021-07-06 13:17:27.372937
4,MEASUREMENT_DATA_CH_2,163302011, 3202539J7, TRUE, 1.068,2021-07-06 13:30:01.730418
1,MEASUREMENT_DATA_CH_2,163430010, 32025Y2JT, TRUE, 0.901,2021-07-06 13:37:40.403895
7,MEASUREMENT_DATA_CH_2,E12306700, 32025Y2P6, TRUE, 2.607,2021-07-06 14:00:39.442143
7,MEASUREMENT_DATA_CH_2,E12306700, 32025Y2P6, TRUE, 2.629,2021-07-06 17:32:49.254595
3,MEASUREMENT_DATA_CH_2,16345A040, E03284700, TRUE, 1.157,2021-07-06 18:23:04.261623
3,MEASUREMENT_DATA_IH_2,16345A040, E03284700, TRUE, 2.26,2021-07-06 18:23:10.334418
5,MEASUREMENT_DATA_IH_2,E12575300, 3202559W1, TRUE, 3.225,2021-07-06 18:30:33.428404
1,MEASUREMENT_DATA_IH_2,169306024, 32025Y2JT, FALSE, 3.3,2021-07-06 18:33:55.936193
7,MEASUREMENT_DATA_CH_2,1633X4080, 32025Y25S, TRUE, 2.167,2021-07-06 18:59:28.385417
7,MEASUREMENT_DATA_CH_1,1633X4080, 3202542Z5, TRUE, 1.98,2021-07-06 18:59:46.010514
4,MEASUREMENT_DATA_IH_1,E00012839, 32025Y2NZ, FALSE, 1.712,2021-07-06 19:08:00.280475
5,MEASUREMENT_DATA_IH_1,E00012838, E21929400, TRUE, 1.849,2021-07-06 19:17:09.892533
5,MEASUREMENT_DATA_CH_1,164M34020, E21929400, TRUE, 1.114,2021-07-06 20:34:51.842529
7,MEASUREMENT_DATA_CH_2,163442080, 3202542Z5, TRUE, 1.978,2021-07-06 20:35:27.545143
7,MEASUREMENT_DATA_IH_2,163442080, 3202542Z5, TRUE, 3.761,2021-07-06 20:35:33.333601
1,MEASUREMENT_DATA_IH_1,E12575600, 32025Y2S4, TRUE, 1.689,2021-07-06 21:33:09.076670
5,MEASUREMENT_DATA_IH_1,164MX5020, E21929400, TRUE, 1.862,2021-07-06 21:34:57.494401
7,MEASUREMENT_DATA_CH_1,163442080, 3202573M8, TRUE, 1.852,2021-07-06 21:40:45.135625
3,MEASUREMENT_DATA_CH_2,163300015, 3202980Q6, FALSE, 0.946,2021-07-06 22:37:18.463235
1,MEASUREMENT_DATA_CH_2,163436017, 32025Y2JT, TRUE, 0.88,2021-07-06 22:44:55.546904
1,MEASUREMENT_DATA_IH_2,163436017, 32025Y2JT, TRUE, 3.165,2021-07-06 22:46:57.165537
4,MEASUREMENT_DATA_CH_2,E12575300, E03732200, TRUE, 1.027,2021-07-06 22:49:24.935067
4,MEASUREMENT_DATA_CH_1,E12575300, 32025Y2C3, TRUE, 1.173,2021-07-06 22:50:31.485868
5,MEASUREMENT_DATA_CH_1,164MX0020, E21929400, TRUE, 1.111,2021-07-06 22:57:07.138327
4,MEASUREMENT_DATA_CH_2,E12575300, E03732200, TRUE, 1.01,2021-07-07 05:54:37.753746
1,MEASUREMENT_DATA_IH_1,163436017, 32025Y2S4, TRUE, 1.583,2021-07-07 05:55:16.527976
1,MEASUREMENT_DATA_CH_2,163436017, 32025Y2JT, TRUE, 0.93,2021-07-07 05:55:23.482576
5,MEASUREMENT_DATA_IH_2,164MX0020, 3202577J0, TRUE, 2.809,2021-07-07 06:05:38.141447
4,MEASUREMENT_DATA_CH_2,164MA2020, E03732200, TRUE, 1.013,2021-07-07 06:39:28.884444
4,MEASUREMENT_DATA_IH_1,164MA2020, 32025Y2NZ, TRUE, 2.105,2021-07-07 06:40:34.553948
1,MEASUREMENT_DATA_IH_2,16AC3G010, 32025Y2JT, TRUE, 3.158,2021-07-07 07:32:00.280089
4,MEASUREMENT_DATA_CH_2,E02052100, 32025Y2BL, TRUE, 1.143,2021-07-07 07:53:14.397560
1,MEASUREMENT_DATA_CH_1,163437010, 32025Y2S4, TRUE, 0.979,2021-07-07 08:11:34.069291
5,MEASUREMENT_DATA_CH_1,E09918300, 3202532Q9, TRUE, 1.155,2021-07-07 08:12:55.900982
5,MEASUREMENT_DATA_IH_2,E09918300, 3202577J0, TRUE, 3.21,2021-07-07 08:15:02.015513
7,MEASUREMENT_DATA_IH_2,167806066, E01925600, TRUE, 2.879,2021-07-07 08:28:56.795434
7,MEASUREMENT_DATA_IH_2,169426061, 3202600A1, TRUE, 3.522,2021-07-07 09:03:39.590334
5,MEASUREMENT_DATA_IH_1,E12296000, 32025Y2MW, TRUE, 2.775,2021-07-07 11:58:34.218902
5,MEASUREMENT_DATA_CH_2,E12296000, 3202577J0, TRUE, 1.251,2021-07-07 11:58:45.765489
4,MEASUREMENT_DATA_CH_1,163304017, 320265242, TRUE, 0.94,2021-07-07 12:39:55.396644
5,MEASUREMENT_DATA_CH_2,163427016, 320290091, FALSE, 1.251,2021-07-07 13:26:28.468068
3,MEASUREMENT_DATA_IH_2,163300015, 3202980Q6, TRUE, 1.937,2021-07-07 14:51:21.279121
5,MEASUREMENT_DATA_IH_2,16AC23010, 320290091, TRUE, 2.746,2021-07-07 14:52:04.922230
7,MEASUREMENT_DATA_CH_2,163305063, 32025Y25S, TRUE, 1.585,2021-07-07 14:59:17.499137
7,MEASUREMENT_DATA_IH_2,163305063, 32025Y25S, TRUE, 3.008,2021-07-07 14:59:23.976999
7,MEASUREMENT_DATA_IH_1,163305063, 32025Y2C0, TRUE, 2.676,2021-07-07 14:59:34.925017
3,MEASUREMENT_DATA_CH_1,163300015, 32025Y2NZ, TRUE, 0.971,2021-07-07 14:59:49.457165
4,MEASUREMENT_DATA_CH_1,163437010, 3202570E8, TRUE, 1.105,2021-07-07 15:20:22.640644
5,MEASUREMENT_DATA_CH_2,E12575300, 320292170, TRUE, 1.048,2021-07-07 15:55:44.690142
3,MEASUREMENT_DATA_CH_2,163463011, 3202539J7, TRUE, 1.065,2021-07-07 16:00:06.887520
3,MEASUREMENT_DATA_IH_2,163463011, 3202539J7, TRUE, 1.752,2021-07-07 16:00:56.287379
4,MEASUREMENT_DATA_CH_2,163484017, 32025Y2NZ, TRUE, 0.947,2021-07-07 16:16:30.888152
1,MEASUREMENT_DATA_IH_2,163305055, 3202532X1, TRUE, 3.431,2021-07-07 16:47:12.457998
4,MEASUREMENT_DATA_IH_2,164M82020, 32025Y2NZ, TRUE, 2.041,2021-07-07 16:48:19.663695
5,MEASUREMENT_DATA_CH_1,169437027, E21929400, TRUE, 1.112,2021-07-07 16:48:53.134550
5,MEASUREMENT_DATA_IH_2,169437027, 320292170, TRUE, 2.787,2021-07-07 16:49:17.286932
3,MEASUREMENT_DATA_CH_1,163445026, 32025Y2NZ, TRUE, 1.09,2021-07-07 17:17:53.852936
3,MEASUREMENT_DATA_IH_1,163445026, 32025Y2NZ, FALSE, 1.731,2021-07-07 17:17:59.385065
7,MEASUREMENT_DATA_CH_2,169426061, 32025Y2C0, TRUE, 1.548,2021-07-07 18:48:22.626113
4,MEASUREMENT_DATA_CH_1,163463011, 3202570E8, TRUE, 1.101,2021-07-07 18:58:30.080202
4,MEASUREMENT_DATA_CH_1,E12575600, E08046100, FALSE, 1.053,2021-07-07 19:16:32.159914
4,MEASUREMENT_DATA_CH_1,E12575600, E08046100, TRUE, 0.955,2021-07-07 19:17:33.980975
5,MEASUREMENT_DATA_CH_2,163420020, 3202580I8, TRUE, 0.996,2021-07-07 19:38:25.754556
5,MEASUREMENT_DATA_IH_2,163420020, 3202580I8, TRUE, 2.313,2021-07-07 19:39:08.623105
3,MEASUREMENT_DATA_IH_2,E03751300, 32025Y25S, TRUE, 2.997,2021-07-07 19:49:46.781296
4,MEASUREMENT_DATA_CH_2,169306024, 3202542Y7, FALSE, 1.432,2021-07-07 21:29:22.666010
3,MEASUREMENT_DATA_CH_1,16345A040, 3202541W2, TRUE, 1.291,2021-07-07 21:31:19.503872
3,MEASUREMENT_DATA_IH_1,16345A040, 3202541W2, TRUE, 2.138,2021-07-07 21:41:15.940086
5,MEASUREMENT_DATA_IH_2,164M52020, 32025Y2NZ, TRUE, 2.079,2021-07-07 22:15:15.460095
4,MEASUREMENT_DATA_CH_2,E12575100, 3202542Y7, TRUE, 1.379,2021-07-07 22:29:38.391248
5,MEASUREMENT_DATA_CH_1,E00002996, 32025Y25Q, TRUE, 1.156,2021-07-07 22:44:30.516532
3,MEASUREMENT_DATA_CH_1,16345A040, 3202541W2, TRUE, 1.278,2021-07-07 23:04:52.784032
3,MEASUREMENT_DATA_CH_2,16345A040, 32025Y2QR, TRUE, 1.171,2021-07-07 23:06:14.361928
4,MEASUREMENT_DATA_CH_1,E12575100, E21929400, TRUE, 1.128,2021-07-08 05:54:37.461505
7,MEASUREMENT_DATA_CH_2,E12577000, E12230000, TRUE, 1.723,2021-07-08 06:07:25.349569
4,MEASUREMENT_DATA_CH_2,E12575400, 3202576R4, TRUE, 1.061,2021-07-08 06:28:16.426988
4,MEASUREMENT_DATA_IH_2,E00019733, 32025Y2NZ, TRUE, 2.073,2021-07-08 07:15:35.904355
4,MEASUREMENT_DATA_CH_2,16ACXG010, E07899500, TRUE, 0.859,2021-07-08 07:35:26.575791
4,MEASUREMENT_DATA_IH_2,16ACXG010, E07899500, TRUE, 1.546,2021-07-08 07:35:32.060831
4,MEASUREMENT_DATA_CH_1,16ACXG010, 320251440, FALSE, 1.009,2021-07-08 07:35:38.374289
4,MEASUREMENT_DATA_CH_1,16ACXG010, 320251440, TRUE, 0.962,2021-07-08 07:38:01.760693
4,MEASUREMENT_DATA_CH_1,16ACXG010, 320251440, TRUE, 0.934,2021-07-08 07:38:50.488883
4,MEASUREMENT_DATA_IH_1,16AC2G010, E00066800, TRUE, 1.477,2021-07-08 07:57:25.410983
1,MEASUREMENT_DATA_CH_2,163303019, 32025Y2JT, TRUE, 0.907,2021-07-08 08:31:03.621568
5,MEASUREMENT_DATA_CH_2,164M26020, 32025Y25K, TRUE, 0.898,2021-07-08 09:00:06.149339
1,MEASUREMENT_DATA_CH_2,163438013, 32025Y2JT, TRUE, 0.906,2021-07-08 09:36:10.422071
1,MEASUREMENT_DATA_IH_2,163438013, 32025Y2JT, TRUE, 3.157,2021-07-08 09:36:22.222105
4,MEASUREMENT_DATA_CH_1,164MA2020, E21929400, TRUE, 1.114,2021-07-08 10:08:45.797564
5,MEASUREMENT_DATA_CH_1,169487022, 3202515U9, TRUE, 1.037,2021-07-08 10:30:05.408431
1,MEASUREMENT_DATA_IH_1,163434010, 32025Y2S4, TRUE, 1.612,2021-07-08 10:43:40.870446
4,MEASUREMENT_DATA_CH_2,163478043, 3202532Q9, TRUE, 1.171,2021-07-08 12:20:15.328189
5,MEASUREMENT_DATA_CH_2,16AU06020, 320263726, TRUE, 0.894,2021-07-08 13:35:04.267180
7,MEASUREMENT_DATA_CH_2,16BM50080, 3202586P6, TRUE, 1.867,2021-07-08 13:36:35.835256
1,MEASUREMENT_DATA_CH_1,E00005870, 3202542Y7, TRUE, 1.462,2021-07-08 15:10:55.511874
5,MEASUREMENT_DATA_CH_2,164M26020, 320263726, TRUE, 0.898,2021-07-08 15:13:16.844900
3,MEASUREMENT_DATA_IH_2,16345A040, 3202541W2, TRUE, 2.1,2021-07-08 16:12:45.192662
5,MEASUREMENT_DATA_CH_1,E00019736, E03284700, TRUE, 1.029,2021-07-08 16:16:31.564484
5,MEASUREMENT_DATA_IH_1,E00019736, E03284700, TRUE, 1.904,2021-07-08 16:16:37.864138
5,MEASUREMENT_DATA_IH_2,E00019736, 3202577J0, TRUE, 2.78,2021-07-08 16:17:04.055566
4,MEASUREMENT_DATA_CH_2,163482011, E00066800, TRUE, 0.756,2021-07-08 16:58:06.159615
3,MEASUREMENT_DATA_IH_1,E12295300, 32025Y2BY, TRUE, 2.428,2021-07-08 16:59:36.244394
